Media Filename,Media Caption
media/C946F24C-5883-472E-8EB0-2BB1C0ACE5A8.jpg,""
media/83634A81-B69A-42FB-9D46-BA7C984234B9.jpg,""
media/9D37BB79-7CCE-46C8-87D4-5435A3E1D058.jpg,""
media/DB439F52-2350-43FE-B013-52128724AE98.jpg,""
media/32F3F09E-39AC-4068-9501-5FED9B5D94E9.jpg,""
media/F3FF096C-0B19-4A5E-9F31-3D8B94C3D82F.jpg,""
media/9FAE3F77-6304-485F-B8A0-320A8A2207F2.jpg,""
media/5B808C62-33CA-4324-BAA6-567CE21E65AE.jpg,""
media/AEC78C29-85BB-4BBD-BE90-35C08CEE0954.jpg,""
media/76D0D369-A2B1-46C4-A39D-244603551013.jpg,""
media/BBD1A08F-7D18-4F76-876F-FAFB7A486E64.jpg,""
media/54ECFBE9-9C85-473E-8BE1-C3CF08E2360D.jpg,""
media/73CD951A-A068-4E8E-A89F-A56EBFC349D1.jpg,""
media/2666A4CE-901A-4AB6-8444-46D8D645A27B.jpg,""
media/4D83744D-FE34-45A3-B0D9-99D7EE0584E5.jpg,""
media/DE17DE26-65B7-4464-8C4C-928AF087122D.jpg,""
media/A412A2F7-5C03-4A20-B003-DA9F6A99AD08.jpg,""
media/B3C0D538-13CF-4A90-AA4E-65A094AF0D40.jpg,""
media/0C5D4578-C7EF-4D84-BE14-74346515E176.jpg,""
media/FADD34BE-79A2-46B8-819C-CCC7BABEA392.jpg,""
media/257EED2D-F74D-4087-9C04-8C44E02CEA0F.jpg,""
media/D87C990A-15E6-41A9-997C-9906B80B7F80.jpg,""
media/D23EC7D3-345C-49A6-B8C3-4E4403861831.jpg,""
media/DA8AEFA8-1FA5-4B86-95D2-8231C33DD16C.jpg,""
media/EDC75416-A0B0-4242-A0FF-32A5666C4516.jpg,""
media/A428643A-662F-4CD2-A08D-8A0516175A76.jpg,""
media/811DBD27-348B-482E-A726-7484A04A0634.jpg,""
media/72CE1CDA-A568-4454-B611-716BED7FA9DF.jpg,""
media/C179DEA7-BEB0-43A0-B88A-2850470784AD.jpg,""
media/C3619AD4-3DB9-4386-B4B8-A51F52EA153C.jpg,""
media/B0945A64-46D1-43C7-B930-4370136B8115.jpg,""
media/D4FDA9B0-1AFC-44BF-BF16-C5145BCC1D92.jpg,""
media/E214FC9A-8652-4540-A8BE-E43566AF3079.jpg,""
media/77CFA408-B80D-4103-97E7-7DFFD986A40F.jpg,""
media/7C6BA0EB-F34A-4345-B6C2-A0A31BF8F721.jpg,""
media/EC2F6B39-814C-46B9-9907-887BACCF1916.jpg,""
